-- ----------------------------------------------------------
-- Nom de la base de donnees : mon_planning                --
-- Description : Insertion de données de test              --
-- SGBD : MySql                                            --
-- Date de creation : 13 octobre 2021                      --
-- Auteurs : Pierrick Delrieu - Célia Milano - Méric Chenu --
-- ----------------------------------------------------------

-- moi : reseausocial ami budget objectif camarade calendrier
-- meric : loisir partager pratiquer evenement propositionevenement

-- Insertion valeur dans la table 'Personne'
INSERT INTO Personne (nom,prenom,ville,numero_telephone) VALUES('Delanu', 'Erica', 'Saint Paul de Vence', 0614493802);
INSERT INTO Personne (nom,prenom,ville,numero_telephone) VALUES('Botts', 'Charles', 'Grasse', 0623458754);
INSERT INTO Personne (nom,prenom,ville,numero_telephone) VALUES('Willians', 'Sophie', 'Fréjus', 0786543409);
INSERT INTO Personne (nom,prenom,ville,numero_telephone) VALUES('Gonzales', 'Martha', 'Cagnes-sur-mer', 0683922213);
INSERT INTO Personne (nom,prenom,ville,numero_telephone) VALUES('Sargent', 'Lucas', 'Mougin', 0634556798);
INSERT INTO Personne (nom,prenom,ville,numero_telephone) VALUES('Cohen', 'Anne', 'Villeneuve-Loubet', 0623457123);
INSERT INTO Personne (nom,prenom,ville,numero_telephone) VALUES('Turpin', 'Victoire', 'Nice', 0789878844);
INSERT INTO Personne (nom,prenom,ville,numero_telephone) VALUES('Lecomte', 'Arnaud', 'Antibes', 0712233445);
INSERT INTO Personne (nom,prenom,ville,numero_telephone) VALUES('Traore', 'Laetitia', 'Juan-les-Pins', 0607080911);
INSERT INTO Personne (nom,prenom,ville,numero_telephone) VALUES('Navarro', 'Sébastien', 'Saint-Laurent-du-Var', 0654342312);
INSERT INTO Personne (nom,prenom,ville,numero_telephone) VALUES('Lagarde', 'Martin', 'Carros', 0678754339);
INSERT INTO Personne (nom,prenom,ville,numero_telephone) VALUES('Lebrun', 'Matthieu', 'Grasse', 0615263748);
INSERT INTO Personne (nom,prenom,ville,numero_telephone) VALUES('Da Costa', 'Elodie', 'Fréjus', 0776391762);
INSERT INTO Personne (nom,prenom,ville,numero_telephone) VALUES('Dupont','Alexandra', 'Cagnes-sur-mer', 0661278349);
INSERT INTO Personne (nom,prenom,ville,numero_telephone) VALUES('Menard', 'Josette', 'Nice', 0619658273);
INSERT INTO Personne (nom,prenom,ville,numero_telephone) VALUES('Fournier', 'Joseph', 'Villeneuve-Loubet', 0712345661);
INSERT INTO Personne (nom,prenom,ville,numero_telephone) VALUES('Nguyen', 'Bertrand', 'Nice', 0626316453);
INSERT INTO Personne (nom,prenom,ville,numero_telephone) VALUES('Huet', 'Patricia', 'Antibes', 0602430547);
INSERT INTO Personne (nom,prenom,ville,numero_telephone) VALUES('Millet', 'Léo', 'Antibes', 0634596123);
INSERT INTO Personne (nom,prenom,ville,numero_telephone) VALUES('Faure', 'Gabriel', 'Saint-Laurent-du-Var', 0741278653);
INSERT INTO Personne (nom,prenom,ville,numero_telephone) VALUES('Lacroix', 'Noémie', 'Carros', 0736412445);
INSERT INTO Personne (nom,prenom,ville,numero_telephone) VALUES('Roche', 'Corinne', 'Carros', 0673425167);
INSERT INTO Personne (nom,prenom,ville,numero_telephone) VALUES('Leclercq', 'Adrien', 'Fréjus', 0678067899);
INSERT INTO Personne (nom,prenom,ville,numero_telephone) VALUES('Dumas', 'Auguste', 'Nice', 0622872254);
INSERT INTO Personne (nom,prenom,ville,numero_telephone) VALUES('Morin', 'Sabine', 'Saint-Laurent-du-Var', 0611223344);
INSERT INTO Personne (nom,prenom,ville,numero_telephone) VALUES('Verdier', 'Nathalie', 'Villeneuve-Loubet', 0707090867);
INSERT INTO Personne (nom,prenom,ville,numero_telephone) VALUES('Gomez', 'Claire', 'Nice', 0644772233);
INSERT INTO Personne (nom,prenom,ville,numero_telephone) VALUES('Legendre', 'Thibault', 'Antibes', 0653627862);
INSERT INTO Personne (nom,prenom,ville,numero_telephone) VALUES('Ferreira', 'Olivier', 'Juan-les-Pins', 0769934512);
INSERT INTO Personne (nom,prenom,ville,numero_telephone) VALUES('Gimenez', 'Daniel', 'Saint-Laurent-du-Var', 0712537213);
INSERT INTO Personne (nom,prenom,ville,numero_telephone) VALUES('Frin', 'Martin', 'Villeneuve-Loubet', 0708090897);
INSERT INTO Personne (nom,prenom,ville,numero_telephone) VALUES('Boinet', 'Lou-ann', 'Nice', 0644772233);
INSERT INTO Personne (nom,prenom,ville,numero_telephone) VALUES('Chambon', 'Rose', 'Antibes', 0653688962);
INSERT INTO Personne (nom,prenom,ville,numero_telephone) VALUES('Chambaron', 'Eva', 'Juan-les-Pins', 0788834512);
INSERT INTO Personne (nom,prenom,ville,numero_telephone) VALUES('Driss', 'Yacine', 'Saint-Laurent-du-Var', 0618837218);


 -- Insertion valeur dans la table 'Membre'
INSERT INTO Membre (id_personne) VALUES(1);
INSERT INTO Membre (id_personne) VALUES(2);
INSERT INTO Membre (id_personne) VALUES(3);
INSERT INTO Membre (id_personne) VALUES(4);
INSERT INTO Membre (id_personne) VALUES(5);
INSERT INTO Membre (id_personne) VALUES(6);
INSERT INTO Membre (id_personne) VALUES(7);
INSERT INTO Membre (id_personne) VALUES(8);
INSERT INTO Membre (id_personne) VALUES(9);
INSERT INTO Membre (id_personne) VALUES(10);
INSERT INTO Membre (id_personne) VALUES(11);
INSERT INTO Membre (id_personne) VALUES(12);
INSERT INTO Membre (id_personne) VALUES(13);
INSERT INTO Membre (id_personne) VALUES(14);
INSERT INTO Membre (id_personne) VALUES(15);
INSERT INTO Membre (id_personne) VALUES(16);
INSERT INTO Membre (id_personne) VALUES(17);
INSERT INTO Membre (id_personne) VALUES(18);
INSERT INTO Membre (id_personne) VALUES(19);
INSERT INTO Membre (id_personne) VALUES(20);
INSERT INTO Membre (id_personne) VALUES(21);
INSERT INTO Membre (id_personne) VALUES(22);
INSERT INTO Membre (id_personne) VALUES(23);
INSERT INTO Membre (id_personne) VALUES(24);
INSERT INTO Membre (id_personne) VALUES(25);
INSERT INTO Membre (id_personne) VALUES(26);
INSERT INTO Membre (id_personne) VALUES(27);
INSERT INTO Membre (id_personne) VALUES(28);
INSERT INTO Membre (id_personne) VALUES(29);
INSERT INTO Membre (id_personne) VALUES(30);


-- Insertion valeur dans la table 'Reseau social'
INSERT INTO ReseauSocial (nom,nom_utilisateur,id_membre) VALUES('instagram', 'erica06', 1);
INSERT INTO ReseauSocial (nom,nom_utilisateur,id_membre) VALUES('instagram', 'Xx_charles_xX', 2);
INSERT INTO ReseauSocial (nom,nom_utilisateur,id_membre) VALUES('facebook', 'charles06130', 2);
INSERT INTO ReseauSocial (nom,nom_utilisateur,id_membre) VALUES('twitter', 'Sojus', 3);
INSERT INTO ReseauSocial (nom,nom_utilisateur,id_membre) VALUES('facebbok', 'Gonzales_willians06', 4);
INSERT INTO ReseauSocial (nom,nom_utilisateur,id_membre) VALUES('snapchat', 'Gonzales_willians06', 4);
INSERT INTO ReseauSocial (nom,nom_utilisateur,id_membre) VALUES('twitter', 'Lucas_Sargent', 5);
INSERT INTO ReseauSocial (nom,nom_utilisateur,id_membre) VALUES('snapchat', 'lugent', 5);
INSERT INTO ReseauSocial (nom,nom_utilisateur,id_membre) VALUES('twitter', 'C0hen', 6);
INSERT INTO ReseauSocial (nom,nom_utilisateur,id_membre) VALUES('instagram', 'C0hen06', 6);
INSERT INTO ReseauSocial (nom,nom_utilisateur,id_membre) VALUES('twitter', 'Victoire_TurPain', 7);
INSERT INTO ReseauSocial (nom,nom_utilisateur,id_membre) VALUES('instagram', 'TurPain06', 7);
INSERT INTO ReseauSocial (nom,nom_utilisateur,id_membre) VALUES('snapchat', 'Turpain_snap', 7);
INSERT INTO ReseauSocial (nom,nom_utilisateur,id_membre) VALUES('facebook', 'Victoire_Turpin', 7);
INSERT INTO ReseauSocial (nom,nom_utilisateur,id_membre) VALUES('instagram', 'razor', 8);
INSERT INTO ReseauSocial (nom,nom_utilisateur,id_membre) VALUES('snapchat', 'Arnautibe', 8);
INSERT INTO ReseauSocial (nom,nom_utilisateur,id_membre) VALUES('facebook', 'arnaud_snap06', 8);
INSERT INTO ReseauSocial (nom,nom_utilisateur,id_membre) VALUES('facebook', 'Arnaud_Lecomte', 8);
INSERT INTO ReseauSocial (nom,nom_utilisateur,id_membre) VALUES('twitter', 'TaoreLaeticia', 9);
INSERT INTO ReseauSocial (nom,nom_utilisateur,id_membre) VALUES('instagram', 'TraorePins06', 9);
INSERT INTO ReseauSocial (nom,nom_utilisateur,id_membre) VALUES('snapchat', 'Laeticia_traoresnap', 9);


-- Insertion valeur dans la table 'Utilisateur'
INSERT INTO Utilisateur (id_membre) VALUES(1);
INSERT INTO Utilisateur (id_membre) VALUES (2);
INSERT INTO Utilisateur (id_membre) VALUES(3);
INSERT INTO Utilisateur (id_membre) VALUES (4);
INSERT INTO Utilisateur (id_membre) VALUES(5);
INSERT INTO Utilisateur (id_membre) VALUES (6);
INSERT INTO Utilisateur (id_membre) VALUES(7);
INSERT INTO Utilisateur (id_membre) VALUES (8);
INSERT INTO Utilisateur (id_membre) VALUES(9);
INSERT INTO Utilisateur (id_membre) VALUES (10);
INSERT INTO Utilisateur (id_membre) VALUES(11);
INSERT INTO Utilisateur (id_membre) VALUES (12);
INSERT INTO Utilisateur (id_membre) VALUES(13);
INSERT INTO Utilisateur (id_membre) VALUES (14);
INSERT INTO Utilisateur (id_membre) VALUES(15);
INSERT INTO Utilisateur (id_membre) VALUES (16);
INSERT INTO Utilisateur (id_membre) VALUES(17);
INSERT INTO Utilisateur (id_membre) VALUES (18);
INSERT INTO Utilisateur (id_membre) VALUES(19);
INSERT INTO Utilisateur (id_membre) VALUES (20);
INSERT INTO Utilisateur (id_membre) VALUES(21);
INSERT INTO Utilisateur (id_membre) VALUES (22);
INSERT INTO Utilisateur (id_membre) VALUES(23);
INSERT INTO Utilisateur (id_membre) VALUES (24);
INSERT INTO Utilisateur (id_membre) VALUES(25);
INSERT INTO Utilisateur (id_membre) VALUES (26);
INSERT INTO Utilisateur (id_membre) VALUES(27);
INSERT INTO Utilisateur (id_membre) VALUES (28);
INSERT INTO Utilisateur (id_membre) VALUES(29);
INSERT INTO Utilisateur (id_membre) VALUES (30);


-- Insertion valeur dans la table 'Loisir'
INSERT INTO Loisir (nom_loisir) VALUES('tennis');
INSERT INTO Loisir (nom_loisir) VALUES('équitation');
INSERT INTO Loisir (nom_loisir) VALUES('musculation');
INSERT INTO Loisir (nom_loisir) VALUES('natation');
INSERT INTO Loisir (nom_loisir) VALUES('danse');
INSERT INTO Loisir (nom_loisir) VALUES('course à pied');
INSERT INTO Loisir (nom_loisir) VALUES('écouter de la musique');
INSERT INTO Loisir (nom_loisir) VALUES('tutorat');
INSERT INTO Loisir (nom_loisir) VALUES('piano');
INSERT INTO Loisir (nom_loisir) VALUES('jardinage');
INSERT INTO Loisir (nom_loisir) VALUES('tennis');
INSERT INTO Loisir (nom_loisir) VALUES('lecture');
INSERT INTO Loisir (nom_loisir) VALUES('musculation');
INSERT INTO Loisir (nom_loisir) VALUES('lecture');
INSERT INTO Loisir (nom_loisir) VALUES('danse');
INSERT INTO Loisir (nom_loisir) VALUES('piano');
INSERT INTO Loisir (nom_loisir) VALUES('guitare');
INSERT INTO Loisir (nom_loisir) VALUES('tutorat');
INSERT INTO Loisir (nom_loisir) VALUES('ukulélé');
INSERT INTO Loisir (nom_loisir) VALUES('jardinage');
INSERT INTO Loisir (nom_loisir) VALUES('basket');
INSERT INTO Loisir (nom_loisir) VALUES('foot');
INSERT INTO Loisir (nom_loisir) VALUES('conduire');
INSERT INTO Loisir (nom_loisir) VALUES('cuisiner');
INSERT INTO Loisir (nom_loisir) VALUES('danse');
INSERT INTO Loisir (nom_loisir) VALUES('course à pied');
INSERT INTO Loisir (nom_loisir) VALUES('écouter de la musique');
INSERT INTO Loisir (nom_loisir) VALUES('programmation');
INSERT INTO Loisir (nom_loisir) VALUES('harpe');
INSERT INTO Loisir (nom_loisir) VALUES('pêcher');

-- Insertion valeur dans la table 'Pratiquer'

INSERT INTO Pratiquer (id_utilisateur,id_loisir) VALUES(1,1);
INSERT INTO Pratiquer (id_utilisateur,id_loisir) VALUES(1,10);
INSERT INTO Pratiquer (id_utilisateur,id_loisir) VALUES(2,10);
INSERT INTO Pratiquer (id_utilisateur,id_loisir) VALUES(2,15);
INSERT INTO Pratiquer (id_utilisateur,id_loisir) VALUES(2,11);
INSERT INTO Pratiquer (id_utilisateur,id_loisir) VALUES(3,3);
INSERT INTO Pratiquer (id_utilisateur,id_loisir) VALUES(3,4);
INSERT INTO Pratiquer (id_utilisateur,id_loisir) VALUES(3,5);
INSERT INTO Pratiquer (id_utilisateur,id_loisir) VALUES(4,10);
INSERT INTO Pratiquer (id_utilisateur,id_loisir) VALUES(4,11);
INSERT INTO Pratiquer (id_utilisateur,id_loisir) VALUES(4,12);
INSERT INTO Pratiquer (id_utilisateur,id_loisir) VALUES(5,10);
INSERT INTO Pratiquer (id_utilisateur,id_loisir) VALUES(6,14);
INSERT INTO Pratiquer (id_utilisateur,id_loisir) VALUES(7,4);
INSERT INTO Pratiquer (id_utilisateur,id_loisir) VALUES(8,10);
INSERT INTO Pratiquer (id_utilisateur,id_loisir) VALUES(8,15);
INSERT INTO Pratiquer (id_utilisateur,id_loisir) VALUES(8,22);
INSERT INTO Pratiquer (id_utilisateur,id_loisir) VALUES(9,2);
INSERT INTO Pratiquer (id_utilisateur,id_loisir) VALUES(9,9);
INSERT INTO Pratiquer (id_utilisateur,id_loisir) VALUES(10,10);
INSERT INTO Pratiquer (id_utilisateur,id_loisir) VALUES(10,11);
INSERT INTO Pratiquer (id_utilisateur,id_loisir) VALUES(11,5);
INSERT INTO Pratiquer (id_utilisateur,id_loisir) VALUES(11,11);
INSERT INTO Pratiquer (id_utilisateur,id_loisir) VALUES(12,5);
INSERT INTO Pratiquer (id_utilisateur,id_loisir) VALUES(12,8);
INSERT INTO Pratiquer (id_utilisateur,id_loisir) VALUES(12,12);
INSERT INTO Pratiquer (id_utilisateur,id_loisir) VALUES(13,13);
INSERT INTO Pratiquer (id_utilisateur,id_loisir) VALUES(14,14);
INSERT INTO Pratiquer (id_utilisateur,id_loisir) VALUES(15,15);
INSERT INTO Pratiquer (id_utilisateur,id_loisir) VALUES(16,16);
INSERT INTO Pratiquer (id_utilisateur,id_loisir) VALUES(16,14);
INSERT INTO Pratiquer (id_utilisateur,id_loisir) VALUES(17,17);
INSERT INTO Pratiquer (id_utilisateur,id_loisir) VALUES(17,5);
INSERT INTO Pratiquer (id_utilisateur,id_loisir) VALUES(18,18);
INSERT INTO Pratiquer (id_utilisateur,id_loisir) VALUES(18,6);
INSERT INTO Pratiquer (id_utilisateur,id_loisir) VALUES(19,19);
INSERT INTO Pratiquer (id_utilisateur,id_loisir) VALUES(20,20);
INSERT INTO Pratiquer (id_utilisateur,id_loisir) VALUES(21,21);
INSERT INTO Pratiquer (id_utilisateur,id_loisir) VALUES(22,22);
INSERT INTO Pratiquer (id_utilisateur,id_loisir) VALUES(22,11);
INSERT INTO Pratiquer (id_utilisateur,id_loisir) VALUES(23,3);
INSERT INTO Pratiquer (id_utilisateur,id_loisir) VALUES(23,23);
INSERT INTO Pratiquer (id_utilisateur,id_loisir) VALUES(24,24);
INSERT INTO Pratiquer (id_utilisateur,id_loisir) VALUES(25,25);
INSERT INTO Pratiquer (id_utilisateur,id_loisir) VALUES(26,26);
INSERT INTO Pratiquer (id_utilisateur,id_loisir) VALUES(27,8);
INSERT INTO Pratiquer (id_utilisateur,id_loisir) VALUES(28,28);
INSERT INTO Pratiquer (id_utilisateur,id_loisir) VALUES(29,29);
INSERT INTO Pratiquer (id_utilisateur,id_loisir) VALUES(30,30);

-- Insertion valeur dans la table 'Ami'
INSERT INTO Ami (id_membre) VALUES(1);
INSERT INTO Ami (id_membre) VALUES(2);
INSERT INTO Ami (id_membre) VALUES(3);
INSERT INTO Ami (id_membre) VALUES(4);
INSERT INTO Ami (id_membre) VALUES(5);
INSERT INTO Ami (id_membre) VALUES(6);
INSERT INTO Ami (id_membre) VALUES(7);
INSERT INTO Ami (id_membre) VALUES(8);
INSERT INTO Ami (id_membre) VALUES(9);
INSERT INTO Ami (id_membre) VALUES(10);
INSERT INTO Ami (id_membre) VALUES(11);
INSERT INTO Ami (id_membre) VALUES(12);
INSERT INTO Ami (id_membre) VALUES(13);
INSERT INTO Ami (id_membre) VALUES(14);
INSERT INTO Ami (id_membre) VALUES(15);
INSERT INTO Ami (id_membre) VALUES(16);
INSERT INTO Ami (id_membre) VALUES(17);
INSERT INTO Ami (id_membre) VALUES(18);
INSERT INTO Ami (id_membre) VALUES(19);
INSERT INTO Ami (id_membre) VALUES(20);
INSERT INTO Ami (id_membre) VALUES(21);
INSERT INTO Ami (id_membre) VALUES(22);
INSERT INTO Ami (id_membre) VALUES(23);
INSERT INTO Ami (id_membre) VALUES(24);
INSERT INTO Ami (id_membre) VALUES(25);
INSERT INTO Ami (id_membre) VALUES(26);
INSERT INTO Ami (id_membre) VALUES(27);
INSERT INTO Ami (id_membre) VALUES(28);
INSERT INTO Ami (id_membre) VALUES(29);
INSERT INTO Ami (id_membre) VALUES(30);


-- Insertion valeur dans la table 'Budget'
INSERT INTO Budget (argent_en_compte,cagnotte,id_membre) VALUES(5000, 15000, 1);
INSERT INTO Budget (argent_en_compte,cagnotte,id_membre) VALUES(4000, 9000, 2);
INSERT INTO Budget (argent_en_compte,cagnotte,id_membre) VALUES(6000, 6800, 3);
INSERT INTO Budget (argent_en_compte,cagnotte,id_membre) VALUES(5500, 7000, 4);
INSERT INTO Budget (argent_en_compte,cagnotte,id_membre) VALUES(5700, 15000, 5);
INSERT INTO Budget (argent_en_compte,cagnotte,id_membre) VALUES(5900, 13000, 6);
INSERT INTO Budget (argent_en_compte,cagnotte,id_membre) VALUES(7000, 12000, 7);
INSERT INTO Budget (argent_en_compte,cagnotte,id_membre) VALUES(5700, 14000, 8);
INSERT INTO Budget (argent_en_compte,cagnotte,id_membre) VALUES(5900, 15500, 9);
INSERT INTO Budget (argent_en_compte,cagnotte,id_membre) VALUES(8400, 16200, 10);
INSERT INTO Budget (argent_en_compte,cagnotte,id_membre) VALUES(9000, 8000, 11);
INSERT INTO Budget (argent_en_compte,cagnotte,id_membre) VALUES(9500, 9500, 12);
INSERT INTO Budget (argent_en_compte,cagnotte,id_membre) VALUES(6400, 9700, 13);
INSERT INTO Budget (argent_en_compte,cagnotte,id_membre) VALUES(2300, 6500, 14);
INSERT INTO Budget (argent_en_compte,cagnotte,id_membre) VALUES(2800, 7300, 15);
INSERT INTO Budget (argent_en_compte,cagnotte,id_membre) VALUES(7600, 8400, 16);
INSERT INTO Budget (argent_en_compte,cagnotte,id_membre) VALUES(1500, 9500, 17);
INSERT INTO Budget (argent_en_compte,cagnotte,id_membre) VALUES(6500, 13000, 18);
INSERT INTO Budget (argent_en_compte,cagnotte,id_membre) VALUES(8300, 14000, 19);
INSERT INTO Budget (argent_en_compte,cagnotte,id_membre) VALUES(9500, 16000, 20);
INSERT INTO Budget (argent_en_compte,cagnotte,id_membre) VALUES(4300, 12000, 21);
INSERT INTO Budget (argent_en_compte,cagnotte,id_membre) VALUES(6700, 11000, 22);
INSERT INTO Budget (argent_en_compte,cagnotte,id_membre) VALUES(6800, 12000, 23);
INSERT INTO Budget (argent_en_compte,cagnotte,id_membre) VALUES(8500, 13000, 24);
INSERT INTO Budget (argent_en_compte,cagnotte,id_membre) VALUES(3500, 14000, 25);
INSERT INTO Budget (argent_en_compte,cagnotte,id_membre) VALUES(4500, 18000, 26);
INSERT INTO Budget (argent_en_compte,cagnotte,id_membre) VALUES(4000, 12000, 27);
INSERT INTO Budget (argent_en_compte,cagnotte,id_membre) VALUES(8000, 14000, 28);
INSERT INTO Budget (argent_en_compte,cagnotte,id_membre) VALUES(9000, 9700, 29);
INSERT INTO Budget (argent_en_compte,cagnotte,id_membre) VALUES(4800, 7800, 30);



-- Insertion valeur dans la table 'Objectif'
INSERT INTO Objectif (nom_objectif,description_objectif,type_objectif,somme_cible,etat,id_membre,id_date) VALUES('Voiture', 'Acheter une voiture', 'Achat', 15000,false,1,20);
INSERT INTO Objectif (nom_objectif,description_objectif,type_objectif,somme_cible,etat,id_membre,id_date) VALUES('Job d été', 'Trouver un job d été', 'Action', 0,true,2,21);
INSERT INTO Objectif (nom_objectif,description_objectif,type_objectif,somme_cible,etat,id_membre,id_date) VALUES('Parachute', 'Faire du saut en parachute', 'Action', 200,true,3,22);
INSERT INTO Objectif (nom_objectif,description_objectif,type_objectif,somme_cible,etat,id_membre,id_date) VALUES('Marathon', 'Courir un marathon', 'Action', 0,false,4,23);
INSERT INTO Objectif (nom_objectif,description_objectif,type_objectif,somme_cible,etat,id_membre,id_date) VALUES('Télévision', 'Acheter une télévision Samsung LED', 'Achat', 500,false,5,24);
INSERT INTO Objectif (nom_objectif,description_objectif,type_objectif,somme_cible,etat,id_membre,id_date) VALUES('Sport', 'Faire du sport au moins 2 à 3 fois par semaine', 'Quotidien', 0,false,6,25);
INSERT INTO Objectif (nom_objectif,description_objectif,type_objectif,somme_cible,etat,id_membre,id_date) VALUES('Vacances', 'Partir en vacances en Espagne en famille', 'Achat', 1000,true,7,26);
INSERT INTO Objectif (nom_objectif,description_objectif,type_objectif,somme_cible,etat,id_membre,id_date) VALUES('Organisation', 'Avoir une meilleure organisation', 'Quotidien', 0,true,8,27);
INSERT INTO Objectif (nom_objectif,description_objectif,type_objectif,somme_cible,etat,id_membre,id_date) VALUES('Alimentation', 'Cuisiner des plats plus équilibrés', 'Quotidien', 0,true,9,28);
INSERT INTO Objectif (nom_objectif,description_objectif,type_objectif,somme_cible,etat,id_membre,id_date) VALUES('Economie', 'Dépenser moins d argent par mois', 'Quotidien', 0,true,10,29);
INSERT INTO Objectif (nom_objectif,description_objectif,type_objectif,somme_cible,etat,id_membre,id_date) VALUES('Lecture', 'Lire un livre par semaine', 'Quotidien', 0,true,11,30);
INSERT INTO Objectif (nom_objectif,description_objectif,type_objectif,somme_cible,etat,id_membre,id_date) VALUES('Sport', 'Commencer la musculation', 'Action', 30,true,12,31);
INSERT INTO Objectif (nom_objectif,description_objectif,type_objectif,somme_cible,etat,id_membre,id_date) VALUES('Parachute', 'Faire du saut en parachute', 'Action', 200,true,13,32);
INSERT INTO Objectif (nom_objectif,description_objectif,type_objectif,somme_cible,etat,id_membre,id_date) VALUES('Tennis', 'Commencer les cours de tennis', 'Action', 100,false,14,33);
INSERT INTO Objectif (nom_objectif,description_objectif,type_objectif,somme_cible,etat,id_membre,id_date) VALUES('Ecole', 'Travailler au moins 2h par jour après les cours', 'Quotidien', 0,true,15,34);
INSERT INTO Objectif (nom_objectif,description_objectif,type_objectif,somme_cible,etat,id_membre,id_date) VALUES('Sport', 'Faire du sport au moins 2 à 3 fois par semaine', 'Quotidien', 0,true,16,35);
INSERT INTO Objectif (nom_objectif,description_objectif,type_objectif,somme_cible,etat,id_membre,id_date) VALUES('Travail', 'Trouver une alternance', 'Action', 0,false,17,36);
INSERT INTO Objectif (nom_objectif,description_objectif,type_objectif,somme_cible,etat,id_membre,id_date) VALUES('Langue', 'Apprendre l\'italien', 'Quotidien', 0,true,18,37);
INSERT INTO Objectif (nom_objectif,description_objectif,type_objectif,somme_cible,etat,id_membre,id_date) VALUES('Travail', 'Finir mon projet de programmation', 'Quotidien', 0,false,19,38);
INSERT INTO Objectif (nom_objectif,description_objectif,type_objectif,somme_cible,etat,id_membre,id_date) VALUES('Travail', 'Finir mon livre pour l\'école', 'Quotidien', 0,true,20,39);
INSERT INTO Objectif (nom_objectif,description_objectif,type_objectif,somme_cible,etat,id_membre,id_date) VALUES('Sport', 'Faire du canyoning', 'Action', 100,false,21,40);
INSERT INTO Objectif (nom_objectif,description_objectif,type_objectif,somme_cible,etat,id_membre,id_date) VALUES('Lecture', 'Lire un livre par semaine', 'Quotidien', 0,false,22,41);
INSERT INTO Objectif (nom_objectif,description_objectif,type_objectif,somme_cible,etat,id_membre,id_date) VALUES('Sport', 'Commencer la musculation', 'Action', 30,false,23,42);
INSERT INTO Objectif (nom_objectif,description_objectif,type_objectif,somme_cible,etat,id_membre,id_date) VALUES('Sport', 'Faire du cheval', 'Action', 1000,true,24,43);
INSERT INTO Objectif (nom_objectif,description_objectif,type_objectif,somme_cible,etat,id_membre,id_date) VALUES('Foot', 'Commencer les cours de foot', 'Action', 50,true,25,44);
INSERT INTO Objectif (nom_objectif,description_objectif,type_objectif,somme_cible,etat,id_membre,id_date) VALUES('Ecole', 'Faire mon rapport de stage avant la fin du mois', 'Quotidien', 0,false,26,45);
INSERT INTO Objectif (nom_objectif,description_objectif,type_objectif,somme_cible,etat,id_membre,id_date) VALUES('Conduire', 'Apprendre à conduire', 'Action', 2000,false,27,46);
INSERT INTO Objectif (nom_objectif,description_objectif,type_objectif,somme_cible,etat,id_membre,id_date) VALUES('Travail', 'Trouver un stage', 'Action', 0,true,28,47);
INSERT INTO Objectif (nom_objectif,description_objectif,type_objectif,somme_cible,etat,id_membre,id_date) VALUES('Langue', 'Apprendre l\'allemand', 'Quotidien', 0,false,29,48);
INSERT INTO Objectif (nom_objectif,description_objectif,type_objectif,somme_cible,etat,id_membre,id_date) VALUES('Organisation', 'Me lever à 7h tous les jours', 'Quotidien', 0,true,30,49);

 
-- Insertion valeur dans la table 'Adresse'
INSERT INTO Adresse (code_postal,ville,nom_rue,numero_adresse) VALUES('06000', 'Nice', 'route de Lyon', 142);
INSERT INTO Adresse (code_postal,ville,nom_rue,numero_adresse) VALUES('06250', 'Mougins', 'avenue de l Amandier', 126);
INSERT INTO Adresse (code_postal,ville,nom_rue,numero_adresse) VALUES('06160', 'Antibes', 'boulevard Amiral Courbet', 76);
INSERT INTO Adresse (code_postal,ville,nom_rue,numero_adresse) VALUES('83600', 'Fréjus', 'rue Gustave Eiffel', 45);
INSERT INTO Adresse (code_postal,ville,nom_rue,numero_adresse) VALUES('06510', 'Carros', 'rue Grande Fusterie', 81);
INSERT INTO Adresse (code_postal,ville,nom_rue,numero_adresse) VALUES('06130', 'Grasse', 'chemin Du Lavarin Sud', 93);
INSERT INTO Adresse (code_postal,ville,nom_rue,numero_adresse) VALUES('06100', 'Nice', 'quai des Belges', 94);
INSERT INTO Adresse (code_postal,ville,nom_rue,numero_adresse) VALUES('06800', 'Cagnes-sur-mer', 'rue des lieutemants Thomazo', 36);
INSERT INTO Adresse (code_postal,ville,nom_rue,numero_adresse) VALUES('06510', 'Carros', 'rue de la Hulotais', 31);
INSERT INTO Adresse (code_postal,ville,nom_rue,numero_adresse) VALUES('06800', 'Cagnes-sur-mer', 'rue Bonneterie', 100);
INSERT INTO Adresse (code_postal,ville,nom_rue,numero_adresse) VALUES('06510', 'Carros', 'rue Bonnet', 97);
INSERT INTO Adresse (code_postal,ville,nom_rue,numero_adresse) VALUES('06100', 'Nice', 'rue Gouin de Beauchesne', 92);
INSERT INTO Adresse (code_postal,ville,nom_rue,numero_adresse) VALUES('06800', 'Cagnes-sur-mer', 'rue de la Mare aux Carats', 74);
INSERT INTO Adresse (code_postal,ville,nom_rue,numero_adresse) VALUES('06130', 'Grasse', 'rue Marguerite', 54);
INSERT INTO Adresse (code_postal,ville,nom_rue,numero_adresse) VALUES('06160', 'Antibes', 'place Stanislas', 65);
INSERT INTO Adresse (code_postal,ville,nom_rue,numero_adresse) VALUES('06000', 'Nice', 'rue Porte d Orange', 87);
INSERT INTO Adresse (code_postal,ville,nom_rue,numero_adresse) VALUES('83600', 'Fréjus', 'rue La Boétie', 51);
INSERT INTO Adresse (code_postal,ville,nom_rue,numero_adresse) VALUES('83600', 'Fréjus', 'rue du Clair Bocage', 79);
INSERT INTO Adresse (code_postal,ville,nom_rue,numero_adresse) VALUES('06300', 'Nice', 'rue Lenotre', 28);
INSERT INTO Adresse (code_postal,ville,nom_rue,numero_adresse) VALUES('06130', 'Grasse', 'rue Pierre De Coubertin', 24);


-- Insertion valeur dans la table 'SeancesRevision'
INSERT INTO SeancesRevision (matiere,type_travail,deadline,date_seance,heure_seance) VALUES('Mathématiques', 'Préparation projet', '2021-10-29', '2021-10-15', '14:00:00');
INSERT INTO SeancesRevision (matiere,type_travail,deadline,date_seance,heure_seance) VALUES('Mathématiques', 'Révisions examen', '2021-10-30', '2021-10-20', '14:30:00');
INSERT INTO SeancesRevision (matiere,type_travail,deadline,date_seance,heure_seance) VALUES('Mathématiques', 'Révisions examen', '2021-10-30', '2021-10-25', '18:00:00');
INSERT INTO SeancesRevision (matiere,type_travail,deadline,date_seance,heure_seance) VALUES('Informatique', 'Développement projet', '2021-12-03', '2021-10-28', '15:30:00');
INSERT INTO SeancesRevision (matiere,type_travail,deadline,date_seance,heure_seance) VALUES('Informatique', 'Préparation soutenance projet', '2021-12-08', '2021-11-30', '16:00:00');
INSERT INTO SeancesRevision (matiere,type_travail,deadline,date_seance,heure_seance) VALUES('Informatique', 'Révisions examen', '2021-12-10', '2021-12-03', '14:00:00');
INSERT INTO SeancesRevision (matiere,type_travail,deadline,date_seance,heure_seance) VALUES('Electronique', 'Révisions examen', '2021-12-09', '2021-11-28', '17:00:00');
INSERT INTO SeancesRevision (matiere,type_travail,deadline,date_seance,heure_seance) VALUES('Electronique', 'Révisions examen', '2021-12-09', '2021-12-02', '17:30:00');
INSERT INTO SeancesRevision (matiere,type_travail,deadline,date_seance,heure_seance) VALUES('Electronique', 'Révisions examen', '2021-12-09', '2021-12-06', '16:00:00');
INSERT INTO SeancesRevision (matiere,type_travail,deadline,date_seance,heure_seance) VALUES('Informatique', 'Préparation projet', '2021-11-27', '2021-11-01', '11:30:00');
INSERT INTO SeancesRevision (matiere,type_travail,deadline,date_seance,heure_seance) VALUES('Physique', 'Révisions examen', '2021-11-25', '2021-11-10', '15:00:00');
INSERT INTO SeancesRevision (matiere,type_travail,deadline,date_seance,heure_seance) VALUES('Mathématiques', 'Révisions examen', '2021-11-25', '2021-11-15', '16:00:00');
INSERT INTO SeancesRevision (matiere,type_travail,deadline,date_seance,heure_seance) VALUES('Informatique', 'Développement projet', '2021-12-03', '2021-11-23', '16:00:00');
INSERT INTO SeancesRevision (matiere,type_travail,deadline,date_seance,heure_seance) VALUES('Informatique', 'Préparation soutenance projet', '2021-12-08', '2021-11-25', '14:00:00');
INSERT INTO SeancesRevision (matiere,type_travail,deadline,date_seance,heure_seance) VALUES('Informatique', 'Révisions examen', '2021-12-10', '2021-12-03', '17:00:00');
INSERT INTO SeancesRevision (matiere,type_travail,deadline,date_seance,heure_seance) VALUES('Electronique', 'Révisions examen', '2021-12-09', '2021-11-04', '18:00:00');
INSERT INTO SeancesRevision (matiere,type_travail,deadline,date_seance,heure_seance) VALUES('Electronique', 'Révisions examen', '2021-12-09', '2021-12-02', '14:30:00');
INSERT INTO SeancesRevision (matiere,type_travail,deadline,date_seance,heure_seance) VALUES('Electronique', 'Révisions examen', '2021-12-09', '2021-12-06', '10:00:00');


-- Insertion valeur dans la table 'Camarade'
INSERT INTO Camarade (id_personne) VALUES(4);
INSERT INTO Camarade (id_personne) VALUES(5);
INSERT INTO Camarade (id_personne) VALUES(6);
INSERT INTO Camarade (id_personne) VALUES(7);
INSERT INTO Camarade (id_personne) VALUES(10);
INSERT INTO Camarade (id_personne) VALUES(11);
INSERT INTO Camarade (id_personne) VALUES(12);
INSERT INTO Camarade (id_personne) VALUES(13);
INSERT INTO Camarade (id_personne) VALUES(15);
INSERT INTO Camarade (id_personne) VALUES(16);
INSERT INTO Camarade (id_personne) VALUES(19);
INSERT INTO Camarade (id_personne) VALUES(21);
INSERT INTO Camarade (id_personne) VALUES(23);
INSERT INTO Camarade (id_personne) VALUES(24);
INSERT INTO Camarade (id_personne) VALUES(25);
INSERT INTO Camarade (id_personne) VALUES(27);
INSERT INTO Camarade (id_personne) VALUES(28);
INSERT INTO Camarade (id_personne) VALUES(31);
INSERT INTO Camarade (id_personne) VALUES(32);
INSERT INTO Camarade (id_personne) VALUES(33);
INSERT INTO Camarade (id_personne) VALUES(34);
INSERT INTO Camarade (id_personne) VALUES(35);


-- Insertion valeur dans la table 'Calendrier'
INSERT INTO Calendrier (id_membre) VALUES(1);
INSERT INTO Calendrier (id_membre) VALUES(2);
INSERT INTO Calendrier (id_membre) VALUES(3);
INSERT INTO Calendrier (id_membre) VALUES(4);
INSERT INTO Calendrier (id_membre) VALUES(5);
INSERT INTO Calendrier (id_membre) VALUES(6);
INSERT INTO Calendrier (id_membre) VALUES(7);
INSERT INTO Calendrier (id_membre) VALUES(8);
INSERT INTO Calendrier (id_membre) VALUES(9);
INSERT INTO Calendrier (id_membre) VALUES(10);
INSERT INTO Calendrier (id_membre) VALUES(11);
INSERT INTO Calendrier (id_membre) VALUES(12);
INSERT INTO Calendrier (id_membre) VALUES(13);
INSERT INTO Calendrier (id_membre) VALUES(14);
INSERT INTO Calendrier (id_membre) VALUES(15);
INSERT INTO Calendrier (id_membre) VALUES(16);
INSERT INTO Calendrier (id_membre) VALUES(17);
INSERT INTO Calendrier (id_membre) VALUES(18);
INSERT INTO Calendrier (id_membre) VALUES(19);
INSERT INTO Calendrier (id_membre) VALUES(20);
INSERT INTO Calendrier (id_membre) VALUES(21);
INSERT INTO Calendrier (id_membre) VALUES(22);
INSERT INTO Calendrier (id_membre) VALUES(23);
INSERT INTO Calendrier (id_membre) VALUES(24);
INSERT INTO Calendrier (id_membre) VALUES(25);
INSERT INTO Calendrier (id_membre) VALUES(26);
INSERT INTO Calendrier (id_membre) VALUES(27);
INSERT INTO Calendrier (id_membre) VALUES(28);
INSERT INTO Calendrier (id_membre) VALUES(29);
INSERT INTO Calendrier (id_membre) VALUES(30);


-- Insertion valeur dans la table 'Evenement'
INSERT INTO Evenement (nom_evenement, prix,etat, id_calendrier, id_date, id_adresse) VALUES("Mariage", 100, TRUE, 1, 21, 5);
INSERT INTO Evenement (nom_evenement, prix,etat, id_calendrier, id_date, id_adresse) VALUES("Tournois de football", 10, TRUE, 2, 20, 1);
INSERT INTO Evenement (nom_evenement, prix,etat, id_calendrier, id_date, id_adresse) VALUES("Tournois de basket", 10, TRUE, 3, 23, 1);
INSERT INTO Evenement (nom_evenement, prix,etat, id_calendrier, id_date, id_adresse) VALUES("Tournois de tennis", 10, FALSE, NULL, 25, 1);
INSERT INTO Evenement (nom_evenement, prix,etat, id_calendrier, id_date, id_adresse) VALUES("Soirée cinéma", 8, FALSE, 5, 28, 3);
INSERT INTO Evenement (nom_evenement, prix,etat, id_calendrier, id_date, id_adresse) VALUES("Restaurant", 31, FALSE, 6, 30, 7);
INSERT INTO Evenement (nom_evenement, prix,etat, id_calendrier, id_date, id_adresse) VALUES("Restaurant", 45, TRUE, 7, 31, 8);
INSERT INTO Evenement (nom_evenement, prix,etat, id_calendrier, id_date, id_adresse) VALUES("Journée plage", 23, TRUE, 8, 32, 10);
INSERT INTO Evenement (nom_evenement, prix,etat, id_calendrier, id_date, id_adresse) VALUES("Pique-nique", 12, FALSE, 9, 33, 6);
INSERT INTO Evenement (nom_evenement, prix,etat, id_calendrier, id_date, id_adresse) VALUES("Pique-nique", 15, TRUE, 10, 35, 6);
INSERT INTO Evenement (nom_evenement, prix,etat, id_calendrier, id_date, id_adresse) VALUES("Pièce de théâtre", 35, FALSE, 11, 36, 7);
INSERT INTO Evenement (nom_evenement, prix,etat, id_calendrier, id_date, id_adresse) VALUES("Concert", 80, TRUE, 12, 22, 7);
INSERT INTO Evenement (nom_evenement, prix,etat, id_calendrier, id_date, id_adresse) VALUES("Baptême", 0, TRUE, 12, 22, 7);


-- Insertion valeur dans la table 'Proposition_evenement'
INSERT INTO Proposition_evenement (id_evenement) VALUES(1);
INSERT INTO Proposition_evenement (id_evenement) VALUES(2);
INSERT INTO Proposition_evenement (id_evenement) VALUES(3);
INSERT INTO Proposition_evenement (id_evenement) VALUES(4);
INSERT INTO Proposition_evenement (id_evenement) VALUES(5);
INSERT INTO Proposition_evenement (id_evenement) VALUES(6);
INSERT INTO Proposition_evenement (id_evenement) VALUES(7);
INSERT INTO Proposition_evenement (id_evenement) VALUES(8);
INSERT INTO Proposition_evenement (id_evenement) VALUES(9);
INSERT INTO Proposition_evenement (id_evenement) VALUES(10);
INSERT INTO Proposition_evenement (id_evenement) VALUES(11);
INSERT INTO Proposition_evenement (id_evenement) VALUES(12);


-- Insertion valeur dans la table 'Organiser'
INSERT INTO Organiser (id_evenement,id_membre) VALUES(1, 3);
INSERT INTO Organiser (id_evenement,id_membre) VALUES(2, 3);
INSERT INTO Organiser (id_evenement,id_membre) VALUES(3, 10);
INSERT INTO Organiser (id_evenement,id_membre) VALUES(4, 12);
INSERT INTO Organiser (id_evenement,id_membre) VALUES(5, 12);
INSERT INTO Organiser (id_evenement,id_membre) VALUES(6, 5);
INSERT INTO Organiser (id_evenement,id_membre) VALUES(7, 15);
INSERT INTO Organiser (id_evenement,id_membre) VALUES(8, 15);


-- Insertion valeur dans la table 'Localiser'
INSERT INTO Localiser (id_loisir, id_adresse) VALUES(1, 1);
INSERT INTO Localiser (id_loisir, id_adresse) VALUES(2, 1);
INSERT INTO Localiser (id_loisir, id_adresse) VALUES(3, 2);
INSERT INTO Localiser (id_loisir, id_adresse) VALUES(4, 3);
INSERT INTO Localiser (id_loisir, id_adresse) VALUES(5, 3);
INSERT INTO Localiser (id_loisir, id_adresse) VALUES(6, 4);
INSERT INTO Localiser (id_loisir, id_adresse) VALUES(7, 5);
INSERT INTO Localiser (id_loisir, id_adresse) VALUES(8, 5);


-- Insertion valeur dans la table 'Participer'
INSERT INTO Participer (id_utilisateur, id_seance, id_camarade) VALUES(1, 1, 1);
INSERT INTO Participer (id_utilisateur, id_seance, id_camarade) VALUES(2, 2, 2);
INSERT INTO Participer (id_utilisateur, id_seance, id_camarade) VALUES(3, 3, 3);
INSERT INTO Participer (id_utilisateur, id_seance, id_camarade) VALUES(4, 4, 4);
INSERT INTO Participer (id_utilisateur, id_seance, id_camarade) VALUES(5, 5, 5);
INSERT INTO Participer (id_utilisateur, id_seance, id_camarade) VALUES(6, 6, 6);
INSERT INTO Participer (id_utilisateur, id_seance, id_camarade) VALUES(7, 7, 7);
INSERT INTO Participer (id_utilisateur, id_seance, id_camarade) VALUES(8, 8, 8);
INSERT INTO Participer (id_utilisateur, id_seance, id_camarade) VALUES(9, 9, 9);
INSERT INTO Participer (id_utilisateur, id_seance, id_camarade) VALUES(10, 10, 10);
INSERT INTO Participer (id_utilisateur, id_seance, id_camarade) VALUES(11, 11, 11);
INSERT INTO Participer (id_utilisateur, id_seance, id_camarade) VALUES(12, 12, 12);
INSERT INTO Participer (id_utilisateur, id_seance, id_camarade) VALUES(13, 13, 13);
INSERT INTO Participer (id_utilisateur, id_seance, id_camarade) VALUES(14, 14, 14);
INSERT INTO Participer (id_utilisateur, id_seance, id_camarade) VALUES(15, 15, 15);
INSERT INTO Participer (id_utilisateur, id_seance, id_camarade) VALUES(16, 16, 16);
INSERT INTO Participer (id_utilisateur, id_seance, id_camarade) VALUES(17, 17, 17);
INSERT INTO Participer (id_utilisateur, id_seance, id_camarade) VALUES(8, 18, 18);


-- Insertion valeur dans la table 'Partager'
INSERT INTO Partager (id_utilisateur,id_loisir,id_ami) VALUES(1,1,4);
INSERT INTO Partager (id_utilisateur,id_loisir,id_ami) VALUES(1,1,5);
INSERT INTO Partager (id_utilisateur,id_loisir,id_ami) VALUES(1,1,6);
INSERT INTO Partager (id_utilisateur,id_loisir,id_ami) VALUES(1,4,4);
INSERT INTO Partager (id_utilisateur,id_loisir,id_ami) VALUES(3,5,9);
INSERT INTO Partager (id_utilisateur,id_loisir,id_ami) VALUES(4,6,3);
INSERT INTO Partager (id_utilisateur,id_loisir,id_ami) VALUES(2,7,3);
INSERT INTO Partager (id_utilisateur,id_loisir,id_ami) VALUES(8,8,6);
INSERT INTO Partager (id_utilisateur,id_loisir,id_ami) VALUES(9,9,8);
INSERT INTO Partager (id_utilisateur,id_loisir,id_ami) VALUES(10,10,9);
INSERT INTO Partager (id_utilisateur,id_loisir,id_ami) VALUES(11,11,11);
INSERT INTO Partager (id_utilisateur,id_loisir,id_ami) VALUES(12,12,12);
INSERT INTO Partager (id_utilisateur,id_loisir,id_ami) VALUES(13,13,13);
INSERT INTO Partager (id_utilisateur,id_loisir,id_ami) VALUES(14,14,16);
INSERT INTO Partager (id_utilisateur,id_loisir,id_ami) VALUES(15,15,17);
INSERT INTO Partager (id_utilisateur,id_loisir,id_ami) VALUES(16,16,18);
INSERT INTO Partager (id_utilisateur,id_loisir,id_ami) VALUES(17,17,15);
INSERT INTO Partager (id_utilisateur,id_loisir,id_ami) VALUES(18,18,16);


-- Insertion valeur dans la table 'Proposer'
INSERT INTO Proposer (id_date, id_organisation) VALUES(1, 1);
INSERT INTO Proposer (id_date, id_organisation) VALUES(2, 2);
INSERT INTO Proposer (id_date, id_organisation) VALUES(3, 3);
INSERT INTO Proposer (id_date, id_organisation) VALUES(4, 4);
INSERT INTO Proposer (id_date, id_organisation) VALUES(5, 5);
INSERT INTO Proposer (id_date, id_organisation) VALUES(6, 6);
INSERT INTO Proposer (id_date, id_organisation) VALUES(7, 7);
INSERT INTO Proposer (id_date, id_organisation) VALUES(8, 8);

 
-- Insertion valeur dans la table 'Valider'
INSERT INTO Valider (id_ami, id_organisation, etat) VALUES(1, 2, True);
INSERT INTO Valider (id_ami, id_organisation, etat) VALUES(2, 2, False);
INSERT INTO Valider (id_ami, id_organisation, etat) VALUES(7, 2, True);
INSERT INTO Valider (id_ami, id_organisation, etat) VALUES(6, 4, True);
INSERT INTO Valider (id_ami, id_organisation, etat) VALUES(3, 4, False);
INSERT INTO Valider (id_ami, id_organisation, etat) VALUES(1, 6, True);
INSERT INTO Valider (id_ami, id_organisation, etat) VALUES(2, 6, False);
INSERT INTO Valider (id_ami, id_organisation, etat) VALUES(5, 6, True);
INSERT INTO Valider (id_ami, id_organisation, etat) VALUES(9, 6, True);
INSERT INTO Valider (id_ami, id_organisation, etat) VALUES(10, 6, True);







